Type,Content
Heading,We developamazing websitesfor your business.
Heading,Future Concept.
Heading,The Big Idea.
Heading,Creative Solutions
Heading,AboutUs.
Heading,Custom WebExperiences
Heading,DigitalSolutions
Heading,AgileExperts
Heading,Our PastWorks.
Heading,Client -Tanjore Coffee Website
Heading,Our ClientStories.
Heading,Frequently AskedQuestions.
Heading,What services do you offer?
Heading,How long does it take to build a website?
Heading,Do you provide website hosting and domain registration?
Heading,How do I get a quote for my project?
Heading,Support
Heading,Follow Us
Heading,Contact Us
Paragraph,"CREATIVE MINDS, CREATIVE WORKS"
Paragraph,"At Shadowfox, we create fast, modern, and mobile-friendly websites designed to grow your business. From idea to launch, we turn your vision into reality."
Paragraph,"We create modern, innovative solutions with a complete focus on your business goals."
Paragraph,Creating powerful digital experiences that drive your business forward.
Paragraph,Innovative ideas combined with cutting-edge digital solutions.
Paragraph,"At Shadowfox, we are passionate about building stunning, high-performance websites that help businesses thrive in the digital landscape. Our team of skilled developers and designers brings years of experience and a deep understanding of tech trends. Our internship program offers hands-on experience with real-world projects to empower aspiring developers and designers to grow their skills and advance their careers."
Paragraph,"We designed a warm, elegant, and user-friendly website for Tanjore Coffee, capturing the brand's rich South Indian heritage. The site blends traditional aesthetics with modern design, offering a seamless experience that brings the essence of their coffee culture to life online."
Paragraph,Owner of Medi Hemp
Paragraph,"ShadowFox transformed our website into a stunning, modern, and highly user-friendly platform. From the very beginning, their team was attentive, creative, and incredibly professional."
Paragraph,CEO Of World Communications
Paragraph,We are incredibly pleased with the e-commerce website that ShadowFox built for us. The platform is not only visually stunning but also incredibly intuitive and easy to navigate.
Paragraph,info@shadowfox.in
Paragraph,+918095778765
Paragraph,"859J, 3A 13th Main Road, Anna Nagar West, Chennai - 600040."
Paragraph,Â© 2025 All Reserved By ShadowFox
Link,/
Link,/
Link,/testimonials
Link,#faqs
Link,#contact-us
Link,/
Link,/internships
Link,/bootcamps
Link,/testimonials
Link,#faqs
Link,#contact-us
Link,/privacypolicy
Link,/t&c
Link,/refund
Link,/verify
Link,https://www.linkedin.com/company/shadowfoxinfo/
Image,/_next/static/media/Design1.e5d39699.png
Image,/_next/static/media/Design2.31198f57.png
Image,/_next/static/media/Design3.5a0b6cab.png
Image,/_next/static/media/Design4.fbbcd162.png
Image,/Coffeedesign.png
